{
  "grade": {
    "score": "AAA",
    "list": {
      "强大的股东：估值超10亿美金的51信用卡": "+2",
      "2015年04月上线，运营时间超2年": "+2",
      "5500万美元实缴注册资本": "+2",
      "新浪支付托管资金": "+2",
      "4117万风险准备金": "+2",
      "每月披露运营报告": "+2"
    }
  },
  "monitor": {
    "网贷之家评级及状态": "正常",
    "网贷天眼评级及状态": "正常",
    "贷罗盘健康度评分": "正常",
    "平台标的是否正常": "正常",
    "提现速率及时效": "正常",
    "是否出现逾期情况": "正常",
    "官网连续登录情况": "正常",
    "客服联系方式接通": "正常",
    "平台人事调动频繁": "正常",
    "QQ群无故解散": "正常"
  },
  "comment":[
    "51人品是51信用卡管家推出的创新金融APP，2015年04月上线，上线仅1月后用户就突破100万，可见产品的受欢迎程度。51信用卡管家16年融资超4亿美元，成为为数不多的估值超10亿美元的独角兽公司。51信用卡成为51人品坚强后盾。",
    "51人品设计的独特的交易机制，可以不依赖资金池，使得人品宝可以享受定期的收益，活期的流动性。实时信息披露可以轻松看到自己排队的情况。260亿的成交额，462万的投资者，足可以看到产品的火爆程度。"
  ],
  "link":{
    "51人品深度测评：独角兽背景 信用卡人群的福利":"http://www.csai.cn/p2pzixun/1218664.html",
    "51人品档案":"http://www.wdzj.com/dangan/51rp/",
    "'51人品'入围5月全国网贷平台发展评级第14位":"https://www.51rp.com/media.html#page_no=1&page_size=6&order_no=0"
  }
}