{
  "grade": {
    "score": "AA",
    "list": {
      "2014年上线，运营时间超过3年": "+2",
      "注册资本6260万，实缴资本6260万": "+2",
      "票据宝存管银行为广东华兴银行": "+2",
      "中国顶级在线商业票据运营商": "+2",
      "2016年6月票据宝平台累计成交额突破100亿，成为第一家突破百亿的互联网票据理财平台": "+2"
    }
  },
  "monitor": {
    "网贷之家评级及状态": "正常",
    "网贷天眼评级及状态": "正常",
    "贷罗盘健康度评分": "正常",
    "平台标的是否正常": "正常",
    "提现速率及时效": "正常",
    "是否出现逾期情况": "正常",
    "官网连续登录情况": "正常",
    "客服联系方式接通": "正常",
    "平台人事调动频繁": "正常",
    "QQ群无故解散": "正常"
  },
  "comment":[
    "暂无评价"
  ],
  "link":{
    "票据宝档案":"http://www.wdzj.com/dangan/pjb/",
    "票据宝获评布谷新金融最受投资人认可理财平台50强":"https://www.pj.com/news/baodao/25528.html",
    "票据宝获2000万美元融资 与人人旗下业务互补":"http://forex.hexun.com/2015-06-28/177097382.html"
  }
}