{
  "grade": {
    "score": "AA",
    "list": {
      "2015年上线，运营时间超过1年": "+2",
      "注册资本5000万": "+2",
      "平台老板与香港上市公司投融长富(00850. HK)为同一实际控制人": "+2",
      "2016年10月完成与浙商银行存管系统的对接": "+2",
      "每月披露平台简要的运营报告，实时披露交易数据": "+2",
      "累计成交量超过50亿": "+2"
    }
  },
  "monitor": {
    "网贷之家评级及状态": "正常",
    "网贷天眼评级及状态": "正常",
    "贷罗盘健康度评分": "正常",
    "平台标的是否正常": "正常",
    "提现速率及时效": "正常",
    "是否出现逾期情况": "正常",
    "官网连续登录情况": "正常",
    "客服联系方式接通": "正常",
    "平台人事调动频繁": "正常",
    "QQ群无故解散": "正常"
  },
  "comment":[
  
  ],
  "link":{
    "投融家档案":"http://www.wdzj.com/dangan/trj/",
    "投融家白皮书||汽车金融与个人信贷产品盛大发布":"http://www.sohu.com/a/129408358_429979",
    "投融家CEO胡德华获2017 中国互联网金融管理创新人物荣誉":"http://finance.591hx.com/article/2017-06-27/0000664818s.shtml"
  }
}