{
  "grade": {
    "score": "AA",
    "list": {
      "中国互联网金融协议会员": "+2",
      "2016年上线，运营时间超过1年": "+2",
      "注册资本5000万": "+2",
      "2016年11月，沙小僧理财宣布获得大唐金控集团5000万人民币A轮融资": "+2",
      "新网银行存管系统正式上线": "+2",
      "实时披露平台交易信息": "+2"
    }
  },
  "monitor": {
    "网贷之家评级及状态": "正常",
    "网贷天眼评级及状态": "正常",
    "贷罗盘健康度评分": "正常",
    "平台标的是否正常": "正常",
    "提现速率及时效": "正常",
    "是否出现逾期情况": "正常",
    "官网连续登录情况": "正常",
    "客服联系方式接通": "正常",
    "平台人事调动频繁": "正常",
    "QQ群无故解散": "正常"
  },
  "comment":[
    ""
  ],
  "link":{
    "沙小僧档案":"http://www.wdzj.com/dangan/sxs/",
    "沙小僧理财获5000万人民币A轮融资":"http://www.01caijing.com/article/11750.htm",
    "沙小僧荣膺2016年度中国互联网金融行业百强企业":"http://finance.qq.com/a/20160810/028922.htm"
  }
}
