{
  "grade": {
    "score": "未评级",
    "list": {
      "2014年上线，运营时间超过3年": "+2",
      "注册资本5000万": "+2",
      "2015年11月，利民网于前海股权交易中心成功挂牌上市": "+2",
      "存管银行新网银行": "+2",
      "每月披露运营报告": "+2"
    }
  },
  "monitor": {
    "网贷之家评级及状态": "-",
    "网贷天眼评级及状态": "-",
    "贷罗盘健康度评分": "-",
    "平台标的是否正常": "-",
    "提现速率及时效": "-",
    "是否出现逾期情况": "-",
    "官网连续登录情况": "-",
    "客服联系方式接通": "-",
    "平台人事调动频繁": "-",
    "QQ群无故解散": "-"
  },
  "comment":[

  ],
  "link":{
    "利民网档案":"http://www.wdzj.com/dangan/lmw/",
    "利民网林慧彬：合规大前提下 如何稳中求胜？":"http://finance.ifeng.com/a/20170503/15336747_0.shtml",
    "利民网与新网银行正式签订银行存管协议，达成合作！":"http://www.cien.com.cn/content-154205.html"
  }
}