{
  "grade": {
    "score": "A",
    "list": {
      "2014年3月上线，运营时间超过3年": "+2",
      "注册资本5000万": "+2",
      "2017年8月2日，与徽商银行资金直接存管2.0系统正式上线": "+2",
      "每季度披露运营报告": "+2"
    }
  },
  "monitor": {
    "网贷之家评级及状态": "正常",
    "网贷天眼评级及状态": "正常",
    "贷罗盘健康度评分": "正常",
    "平台标的是否正常": "正常",
    "提现速率及时效": "正常",
    "是否出现逾期情况": "正常",
    "官网连续登录情况": "正常",
    "客服联系方式接通": "正常",
    "平台人事调动频繁": "正常",
    "QQ群无故解散": "正常"
  },
  "comment":[
    ""
  ],
  "link":{
    "信广立诚贷档案":"http://www.wdzj.com/dangan/xglcd/",
    "北京信广立诚贷考察记录":"http://www.csai.cn/p2pzixun/795503.html",
    "立诚贷亮相金博会，互联网金融平台聚焦三农产品":"http://news.sina.com.cn/o/2016-10-29/doc-ifxxfysn8028367.shtml"
  }
}
