{
  "grade": {
    "score": "A",
    "list": {
      "2013年上线，运营时间超过4年": "+2",
      "注册资本5000万": "+2",
      "美国OTC市场上市": "+2",
      "存管银行江西银行": "+2",
      "每月披露运营报告": "+2"
    }
  },
  "monitor": {
    "网贷之家评级及状态": "正常",
    "网贷天眼评级及状态": "正常",
    "贷罗盘健康度评分": "正常",
    "平台标的是否正常": "正常",
    "提现速率及时效": "正常",
    "是否出现逾期情况": "正常",
    "官网连续登录情况": "正常",
    "客服联系方式接通": "正常",
    "平台人事调动频繁": "正常",
    "QQ群无故解散": "正常"
  },
  "comment":[
    
  ],
  "link":{
    "汇盈金服档案":"http://www.wdzj.com/dangan/hyjf6/",
    "汇盈金服正式宣布: 平台已经完成银行存管！":"http://www.sohu.com/a/154985629_257521",
    "华尔街投行Axiom Capital及Cuttone & Co.莅临汇盈金服考察":"http://www.sohu.com/a/158150627_257521"
  }
}