{
  "grade": {
    "score": "AAA",
    "list": {
      "2012年上线，运营时间超过5年": "+2",
      "注册资本3000万，实缴资本3000万": "+2",
      "2015年12月19日，宜人贷在美国纽交所上市": "+2",
      "宜人贷存管银行为广发银行": "+2",
      "定期披露财务报告和审计报告，数据真实性高": "+2",
      "2016年3月，宜信当选中国互联网金融协会常务理事": "+2",
      "2016年9月，宜人贷成为首批接入互联网金融协会行业信用信息共享平台的企业": "+2"
    }
  },
  "monitor": {
    "网贷之家评级及状态": "正常",
    "网贷天眼评级及状态": "正常",
    "贷罗盘健康度评分": "正常",
    "平台标的是否正常": "正常",
    "提现速率及时效": "正常",
    "是否出现逾期情况": "正常",
    "官网连续登录情况": "正常",
    "客服联系方式接通": "正常",
    "平台人事调动频繁": "正常",
    "QQ群无故解散": "正常"
  },
  "comment":[
    "暂无评价"
  ],
  "link":{
    "宜人财富档案":"http://www.wdzj.com/dangan/yrd/",
    "宜人贷在美上市 成纽交所中国互金第一股":"http://news.xinhuanet.com/finance/2015-12/19/c_128547457.htm",
    "宜人贷2016年净赚11亿":"http://www.admin5.com/article/20170317/727042.shtml"
  }
}