{
  "grade": {
    "score": "A",
    "list": {
      "2016年9月上线对接华兴银行资金存管系统": "+2",
      "2017年4月汇通易贷正式上线法大大电子签章": "+2"
    }
  },
  "monitor": {
    "网贷之家评级及状态": "正常",
    "网贷天眼评级及状态": "正常",
    "贷罗盘健康度评分": "正常",
    "平台标的是否正常": "正常",
    "提现速率及时效": "正常",
    "是否出现逾期情况": "正常",
    "官网连续登录情况": "正常",
    "客服联系方式接通": "正常",
    "平台人事调动频繁": "正常",
    "QQ群无故解散": "正常"
  },
  "comment":[
    "暂无评价"
  ],
  "link":{
    "汇通易贷档案":"http://www.wdzj.com/dangan/htyd/",
    "长风破浪会有时 汇通易贷引领互联网金融合规发展":"http://news.163.com/17/0105/08/CA0LOE1T00014Q4P.html",
    "汇通易贷上线'明镜系统'合规更进一步":"http://finance.huanqiu.com/cjrd/2016-12/9794937.html"
  }
}