{
  "grade": {
    "score": "AAA",
    "list": {
      "12年上线，运营时间5年": "+2",
      "实缴资本1.5亿": "+2",
      "2016年12月12日，3.75亿元B轮融资": "+2",
      "2017年2月获得厦门银行存管资格": "+2",
      "存管银行上海华瑞银行": "+2",
      "每月披露运营报告": "+2",
      "太平财产保险承保账户安全险": "+2",
      "网贷之家排名第16 网贷天眼排名第19 融360排名第21": "+2"
    }
  },
  "monitor": {
    "网贷之家评级及状态": "正常",
    "网贷天眼评级及状态": "正常",
    "贷罗盘健康度评分": "正常",
    "平台标的是否正常": "正常",
    "提现速率及时效": "正常",
    "是否出现逾期情况": "正常",
    "官网连续登录情况": "正常",
    "客服联系方式接通": "正常",
    "平台人事调动频繁": "正常",
    "QQ群无故解散": "正常"
  },
  "comment":[
    "PPmoney12年上线，可以说PPmoney的发展鉴证了国内网贷行业的发展。16年完成3.75亿元B轮融资，17年2月获得厦门银行存管资格，每步都很扎实稳健。",
    "PPmoney的布局不仅局限于网贷，陆续引进了基金产品和金交所的产品，致力于多元化的发展。1231万注册用户，838亿的成交额，这些亮眼的数据或许印证了PPmoney的发展方向。"
  ],
  "link":{
    "PPmoney档案":"http://www.wdzj.com/dangan/ppmoney/",
    "Pmoney成P2P新三板融资第一股":"https://www.rong360.com/gl/2015/12/07/83310.html",
    "PPmoney获3.75亿元B轮融资 四大核心品牌浮出水面":"http://finance.ifeng.com/a/20161212/15071921_0.shtml"
  }
}