{
  "grade": {
    "score": "未评级",
    "list": {
      "第一条": "+2",
      "防守打法无法违法": "+2",
      "王企鹅服务方位服务": "+1"
    }
  },
  "monitor": {
    "第一条": "0",
    "第二条": "-",
    "第三条": "1"
  },
  "comment":[
    "钱保姆成立于14年，注册资本1亿元，近期又获得了1亿元的战略融资，表现出了较强的资本实力。2月获得北京银行的存管资格，ICP证也拿到了，监管部门的硬性规定，差不多齐了。 ",
    "平台累计用户超百万，成交金额超百亿，这反映出平台良好的发展态势。平台项目聚焦于车贷和供应链贷，但目前并未有可投标的。近期与资产管理公司合作推出新资产项目，项目披露信息尚可。借款企业承诺到期回购，华夏鑫航（厦门）担保有限公司提供担保。"
  ],
  "link":{
    "投融家档案":"http://www.wdzj.com/dangan/trj/",
    "投融家白皮书||汽车金融与个人信贷产品盛大发布":"http://www.sohu.com/a/129408358_429979",
    "投融家CEO胡德华获2017 中国互联网金融管理创新人物荣誉":"http://finance.591hx.com/article/2017-06-27/0000664818s.shtml"
  }
}
