{
  "grade": {
    "score": "AAA",
    "list": {
      "14年上线，运营时间超过3年": "+2",
      "注册资本2亿元": "+2",
      "14年12月 获得高榕资本5000万美元融资": "+2",
      "2017年1月与华夏银行合作存管系统上线": "+2",
      "风险准备金余额37533.27万元": "+2",
      "网贷之家排名第6 网贷天眼排名第18 融360排名第14": "+2"
    }
  },
  "monitor": {
    "网贷之家评级及状态": "正常",
    "网贷天眼评级及状态": "正常",
    "贷罗盘健康度评分": "正常",
    "平台标的是否正常": "正常",
    "提现速率及时效": "正常",
    "是否出现逾期情况": "正常",
    "官网连续登录情况": "正常",
    "客服联系方式接通": "正常",
    "平台人事调动频繁": "正常",
    "QQ群无故解散": "正常"
  },
  "comment":[
    "爱钱进14年上线，实缴注册资本高达2亿，同年12月获得榕资本5000万美元融资，资本实力可见一斑。至今累计服务用户数超过800万，累计投资额超过400亿，各家网贷评级也是名列前茅。",
    "平台产品覆盖1-18个月不同期限，可以满足不同投资者的需求。7.8-9.8%的收益率虽然不够惊艳，但完全能够达到行业的平均水平。"
  ],
  "link":{
    "爱钱进档案":"http://www.wdzj.com/dangan/aqj/",
    "爱钱进获高榕资本5000万美元A轮融资":"http://tech.sina.com.cn/i/2014-12-22/doc-icczmvun4118059.shtml",
    "爱钱进资金存管正式上线 网贷业第一家对接全国股份制银行":"http://finance.sina.com.cn/stock/t/2017-01-09/doc-ifxzkfuk3096236.shtml"
  }
}