{
  "grade": {
    "score": "AA",
    "list": {
      "2014年3月上线，运营时间超过3年": "+2",
      "注册资本12566万": "+2",
      "2014年6月获得期货投资大佬林广茂千万元A轮融资": "+2",
      "2015年6月，获得由和玉投资领投2.1亿元B轮融资": "+2",
      "2016年4月获得英达钢构领投3.3亿元C轮投资": "+2",
      "存管银行为徽商银行": "+2"
    }
  },
  "monitor": {
    "网贷之家评级及状态": "正常",
    "网贷天眼评级及状态": "正常",
    "贷罗盘健康度评分": "正常",
    "平台标的是否正常": "正常",
    "提现速率及时效": "正常",
    "是否出现逾期情况": "正常",
    "官网连续登录情况": "正常",
    "客服联系方式接通": "正常",
    "平台人事调动频繁": "正常",
    "QQ群无故解散": "正常"
  },
  "comment":[
   
  ],
  "link":{
    "理财范档案":"http://licaifan.p2peye.com/",
    "理财范获3.3亿C轮融资 转型互联网科技公司":"http://cnews.chinadaily.com.cn/2016-04/15/content_24577393.htm",
    "理财范上线银行资金存管 安全合规更进一步":"http://news.163.com/17/0611/19/CMM1K5G600014AEE.html"
  }
}