{
  "grade": {
    "score": "A",
    "list": {
      "2016年上线，运营时间超过1年": "+2",
      "注册资本1亿元": "+2",
      "存管银行贵州银行": "+2",
      "实时披露担保公司担保数据": "+2"
    }
  },
  "monitor": {
    "网贷之家评级及状态": "正常",
    "网贷天眼评级及状态": "正常",
    "贷罗盘健康度评分": "正常",
    "平台标的是否正常": "正常",
    "提现速率及时效": "正常",
    "是否出现逾期情况": "正常",
    "官网连续登录情况": "正常",
    "客服联系方式接通": "正常",
    "平台人事调动频繁": "正常",
    "QQ群无故解散": "正常"
  },
  "comment":[
    ""
  ],
  "link":{
    "中再融档案":"http://www.wdzj.com/dangan/zzr/",
    "中再融与贵州银行正式签署资金存管协议":"http://www.sootoo.com/content/670663.shtml",
    "风控为王，中再融斩获“互联网金融卓越风控奖” ":"http://www.sohu.com/a/124832655_412312"
  }
}
