{
  "grade": {
    "score": "AAA  107",
    "list": {
      "广发银行资金存管系统已上线，全国股份制银行，实力雄厚": "+29",
      "上市公司大金重工、广发证券全资直投公司广发信德战略投资.5亿": "+15",
      "每月披露运营和交易数据": "+10",
      "中国互联网协会会员": "+8",
      "2012年上线，运营时间超过5年，资深平台": "+8",
      "实缴资本1亿元，实力响当当": "+5",
      "项目信息基本完整": "+4",
      "项目有抵押": "+2",
      "项目合规性好": "+10",
      "多家网贷评级排名均名列前茅": "+10",
      "增值电信业务经营许可证": "+3",
      "通过信息安全等级保护测试": "+3"
    }
  },
  "monitor": {
    "网贷之家评级及状态": "正常",
    "网贷天眼评级及状态": "正常",
    "贷罗盘健康度评分": "正常",
    "平台标的是否正常": "正常",
    "提现速率及时效": "正常",
    "是否出现逾期情况": "正常",
    "官网连续登录情况": "正常",
    "客服联系方式接通": "正常",
    "平台人事调动频繁": "正常",
    "QQ群无故解散": "正常"
  },
  "comment":[
  ],
  "link":{
    "投哪网档案":"http://www.wdzj.com/dangan/tnw1/",
    "投哪网完成1.5亿元B轮融资或为上市铺路":"http://finance.eastmoney.com/news/1682,20150507503990090.html",
    "投哪网一季度成交环比增48% 稳居网贷行业前十":"http://www.sohu.com/a/133758586_115007"
  }
}