{
  "grade": {
    "score": "AAA",
    "list": {
      "2012年10月获得红杉资本千万美元A轮投资": "+2",
      "2014年4月拍拍贷完成B轮融资": "+2",
      "2015年4月君联资本和海纳亚洲领投C轮亿元美金融资，注册资本1亿元，实缴资本1亿元": "+2",
      "2010年上线，运营时间超过10年": "+2",
      "2017年6月22日获得招商银行存管资格": "+2",
      "实时披露平台简要的运营数据": "+2",
      "累计成交量超过560亿": "+2"
    }
  },
  "monitor": {
    "网贷之家评级及状态": "正常",
    "网贷天眼评级及状态": "正常",
    "贷罗盘健康度评分": "正常",
    "平台标的是否正常": "正常",
    "提现速率及时效": "正常",
    "是否出现逾期情况": "正常",
    "官网连续登录情况": "正常",
    "客服联系方式接通": "正常",
    "平台人事调动频繁": "正常",
    "QQ群无故解散": "正常"
  },
  "comment":[
    
  ],
  "link":{
    "拍拍贷档案":"http://www.wdzj.com/dangan/ppd/",
    "拍拍贷C轮融资约1亿美元 预计年底实现盈亏平衡":"http://www.yicai.com/news/4600938.html",
    "《中国P2P企业评测》第三期:拍拍贷":"http://finance.sina.com.cn/money/bank/P2P_ppd/"
  }
}