{
  "grade": {
    "score": "AA",
    "list": {
      "2015年上线，运营时间超过2年": "+2",
      "注册资本5000万": "+2",
      "存管银行恒丰银行": "+2",
      "2017年3月获得中欧国际集团1亿元B轮融资": "+2"
    }
  },
  "monitor": {
    "网贷之家评级及状态": "正常",
    "网贷天眼评级及状态": "正常",
    "贷罗盘健康度评分": "正常",
    "平台标的是否正常": "正常",
    "提现速率及时效": "正常",
    "是否出现逾期情况": "正常",
    "官网连续登录情况": "正常",
    "客服联系方式接通": "正常",
    "平台人事调动频繁": "正常",
    "QQ群无故解散": "正常"
  },
  "comment":[
    
  ],
  "link":{
    "人人爱家档案":"http://www.wdzj.com/dangan/rrajjr/",
    "响应监管号召 人人爱家金融正式接入资金银行存管":"http://news.ifeng.com/a/20170503/51041453_0.shtml",
    "人人爱家金融宣布完成B轮1亿人民币融资":"http://tech.sina.com.cn/roll/2017-03-23/doc-ifycspxn9544687.shtml"
  }
}