{
  "grade": {
    "score": "未评级",
    "list": {
      "2015年上线，运营时间超过2年": "+2",
      "注册资本5000万": "+2",
      "上海银行存管系统正式上线": "+2",
      "每月披露运营报告": "+2"
    }
  },
  "monitor": {
    "网贷之家评级及状态": "正常",
    "网贷天眼评级及状态": "正常",
    "贷罗盘健康度评分": "正常",
    "平台标的是否正常": "正常",
    "提现速率及时效": "正常",
    "是否出现逾期情况": "正常",
    "官网连续登录情况": "正常",
    "客服联系方式接通": "正常",
    "平台人事调动频繁": "正常",
    "QQ群无故解散": "正常"
  },
  "comment":[
    ""
  ],
  "link":{
    "民爱贷档案":"http://www.wdzj.com/dangan/mad/",
    "民爱贷正式上线银行存管系统 打造上海市松江区互金行业标杆":"http://www.huaxia.com/xw/zhxw/2017/07/5413248.html",
    "民爱贷携手盈灿共话发展，提升品牌公信力":"http://ln.ifeng.com/a/20170412/5564773_0.shtml"
  }
}
