{
  "grade": {
    "score": "AAA",
    "list": {
      "15年玖富集团获得知名风投1.1亿美元的融资": "+2",
      "注册资本2亿元": "+2",
      "上线运营610天": "+2",
      "太平财险承保账户安全，保证账户安全": "+2",
      "玖富每季度披露运营报告": "+2"
    }
  },
  "monitor": {
    "网贷之家评级及状态": "正常",
    "网贷天眼评级及状态": "正常",
    "贷罗盘健康度评分": "正常",
    "平台标的是否正常": "正常",
    "提现速率及时效": "正常",
    "是否出现逾期情况": "正常",
    "官网连续登录情况": "正常",
    "客服联系方式接通": "正常",
    "平台人事调动频繁": "正常",
    "QQ群无故解散": "正常"
  },
  "comment":[
    "玖富集团致力于多元化金融的发展，15年玖富集团获得知名风投1.1亿美元的融资。玖富钱包是玖富集团重点打造的移动金融平台，背靠玖富集团，玖富钱包游鱼得水。",
    "玖富以风控起家，玖富的信用风控技术在业内领先，获得了多项技术大奖，长期为国内商业银行提供业务顾问与技术支持服务。玖富借款人户均3～5万元，小额多单，风险分散一直是玖富坚持的。累计注册用户超3000万，3个月交易额超1亿，出色的业绩放映出投资者对玖富的信任。"
  ],
  "link":{
    "支付宝刷脸支付上线 玖富钱包风控取胜":"http://www.hebgcdy.com/2017/0524/282151.html",
    "玖富档案":"http://www.wdzj.com/dangan/jf8/",
    "玖富获IDG等1.1亿美元投资 发力移动金融":"http://tech.sina.com.cn/i/2015-04-08/doc-iavxeafs4831501.shtml"
  }
}