{
  "grade": {
    "score": "A",
    "list": {
      "2015年上线，运营时间超过2年": "+2",
      "注册资本5000万": "+2",
      "存管银行上海华瑞银行": "+2",
      "2017年7月，累计成交量突破71亿": "+2"
    }
  },
  "monitor": {
    "网贷之家评级及状态": "-",
    "网贷天眼评级及状态": "-",
    "贷罗盘健康度评分": "-",
    "平台标的是否正常": "-",
    "提现速率及时效": "-",
    "是否出现逾期情况": "-",
    "官网连续登录情况": "-",
    "客服联系方式接通": "-",
    "平台人事调动频繁": "-",
    "QQ群无故解散": "-"
  },
  "comment":[

  ],
  "link":{
    "中业兴融档案":"http://www.wdzj.com/dangan/zyxr/",
    "中业兴融2017半年报出炉：成交量同比增长约190%":"http://gb.cri.cn/42071/2017/07/12/7371s5244739.htm",
    "存管合规 成交飞跃 中业兴融成交额突破60亿":"https://www.zyxr.com/information/media_report_detail.html?detailId=438&target="
  }
}