{
  "grade": {
    "score": "AA",
    "list": {
      "2017年3月获得内蒙古城投投资有限公司的1亿元战略投资": "+2",
      "注册资本1亿元": "+2",
      "2014年11月1日上线，运营时间超过两年": "+2",
      "2017年2月21日获得北京银行存管资格": "+2",
      "存管银行上海华瑞银行": "+2",
      "每日披露平台简要的运营数据": "+2"
    }
  },
  "monitor": {
    "网贷之家评级及状态": "正常",
    "网贷天眼评级及状态": "正常",
    "贷罗盘健康度评分": "正常",
    "平台标的是否正常": "正常",
    "提现速率及时效": "正常",
    "是否出现逾期情况": "正常",
    "官网连续登录情况": "正常",
    "客服联系方式接通": "正常",
    "平台人事调动频繁": "正常",
    "QQ群无故解散": "正常"
  },
  "comment":[
    "钱保姆成立于14年，注册资本1亿元，近期又获得了1亿元的战略融资，表现出了较强的资本实力。2月获得北京银行的存管资格，ICP证也拿到了，监管部门的硬性规定，差不多齐了。",
    "平台累计用户超百万，成交金额超百亿，这反映出平台良好的发展态势。平台项目聚焦于车贷和供应链贷，但目前并未有可投标的。近期与资产管理公司合作推出新资产项目，项目披露信息尚可。借款企业承诺到期回购，华夏鑫航（厦门）担保有限公司提供担保。"
  ],
  "link":{
    "钱保姆档案":"http://shuju.wdzj.com/plat-info-1732.html",
    "'钱保姆'获1亿元战略投资，从女性理财产品到布局供应链资产":"http://36kr.com/p/5071648.html",
    "杭州互金风险专项整治大幕开启，钱保姆积极拥抱监管":"https://www.qbm360.com/service/media-news-detail.html?id=714"
  }
}