{
  "grade": {
    "score": "B",
    "list": {
      "2014年上线，运营时间超过3年": "+2",
      "注册资本1亿": "+2",
      "廊坊银行资金存管": "+2",
      "每季度披露运营报告": "+2",
      "通过国家“信息系统安全等级保护”测试": "+2"
    }
  },
  "monitor": {
    "网贷之家评级及状态": "正常",
    "网贷天眼评级及状态": "正常",
    "贷罗盘健康度评分": "正常",
    "平台标的是否正常": "正常",
    "提现速率及时效": "正常",
    "是否出现逾期情况": "正常",
    "官网连续登录情况": "正常",
    "客服联系方式接通": "正常",
    "平台人事调动频繁": "正常",
    "QQ群无故解散": "正常"
  },
  "comment":[
   
  ],
  "link":{
    "和云筹档案":"http://www.wdzj.com/dangan/hyc/",
    "和云筹与廊坊银行签署资金存管协议":"http://news.163.com/17/0628/15/CO1CD13M00014AEE.html",
    "和云筹发布第二季度运营报告：稳定增长 合规为先":"http://gx.sina.com.cn/waibao/hangye/2017-08-01/detail_wb-ifyinvyk3007039.shtml"
  }
}