{
  "platform": {
    "fanxianurl": "http://5g.yirendai.com/gt/zc2/?siteId=fllm3",
    "shoutoustatus":true, 
    "share":"",

    "title": "宜人财富",
    "pid": "4",
    "logo": "http://h5test.caiyu.in/img/logo_4.png",
    "grade": "AAA",
    "tag": [
      "上市公司系"
    ],
    "detectlevel": "正常",
    "desc": "国内首家p2p上市公司 p2p行业领军平台",
    "rate": "40.02%",
    "specialqa":{
    },
    "specilarule":[]

  },
  "tasklist": [{
      "fanlitype": "0",
      "title": "首投10000元—180天及以上标的",
      "fanlimoney": "800",
      "fanlimoneydesc": "投资收益:2958.90元，合计收益3758.90元",
      "futoudesc": "",
      "fanlistat": "",
      "baserate": "6.0",
      "fanlirate": "7.6",
      "fanlipeople": "33",
      "fanlistart": "",
      "fanliend": "",
      "fanlistatus": true,
      "jiaxi": {
        "jiaxititle": "",
        "jiaxitype": ""
      }
    },
   {
      "fanlitype": "0",
      "title": "首投50000元—90天及以上标的",
      "fanlimoney": "350",
      "fanlimoneydesc": "投资收益:616.44元，合计收益966.44元",
      "futoudesc": "",
      "fanlistat": "",
      "baserate": "5.0",
      "fanlirate": "7.8",
      "fanlipeople": "133",
      "fanlistart": "",
      "fanliend": "",
      "fanlistatus": true,
      "jiaxi": {
        "jiaxititle": "",
        "jiaxitype": ""
      }
    },
  {
      "fanlitype": "0",
      "title": "首投20000元—30天及以上标的",
      "fanlimoney": "160",
      "fanlimoneydesc": "投资收益:157.81元，合计收益317.81元",
      "futoudesc": "",
      "fanlistat": "",
      "baserate": "9.6",
      "fanlirate": "19.3",
      "fanlipeople": "129",
      "fanlistart": "",
      "fanliend": "",
      "fanlistatus": true,
      "jiaxi": {
        "jiaxititle": "",
        "jiaxitype": ""
      }
    },
      {
      "fanlitype": "0",
      "title": "首投2000元—30天及以上标的",
      "fanlimoney": "50",
      "fanlimoneydesc": "投资收益:15.78元，合计收益65.78元",
      "futoudesc": "",
      "fanlistat": "",
      "baserate": "9.6",
      "fanlirate": "40.0",
      "fanlipeople": "334",
      "fanlistart": "",
      "fanliend": "",
      "fanlistatus": true,
      "jiaxi": {
        "jiaxititle": "",
        "jiaxitype": ""
      }
    }
  ]
}
