{
  "platform": {
    "fanxianurl": "https://www.qbm360.com/apiurl/activity/2017/reg/reg.html?fromType=jizhang01",
    "shoutoustatus":true, 
    "share":"",

    "title": "钱保姆",
    "pid": "271",
    "logo": "http://h5test.caiyu.in/img/logo_271.png",
    "grade": "AA",
    "tag": [
      "国资系"
    ],
    "detectlevel": "正常",
    "desc": "北京银行资金存管，国资企业1亿元战略投资",
    "rate": "52.58%",
    "specialqa":{
    },
    "specilarule":["［复投规则］只有之前成功通过财鱼管家参加过钱保姆平台首投的用户，才能参加复投，需要点击'去复投'按钮参加复投登记，登记成功之后需要在24小时之内进行投资。每天名额有限，满额即关闭活动入口。可以使用平台的红包和加息券，复投奖励每个账号只能领取一次！"]

  },
  "tasklist": [{
      "fanlitype": "0",
      "title": "首投2000元—30天及以上新手标",
      "fanlimoney": "70",
      "fanlimoneydesc": "投资收益:16.44元，合计收益86.44元",
      "futoudesc": "",
      "fanlistat": "",
      "baserate": "10.0",
      "fanlirate": "52.6",
      "fanlipeople": "189",
      "fanlistart": "",
      "fanliend": "",
      "fanlistatus": true,
      "jiaxi": {
        "jiaxititle": "",
        "jiaxitype": ""
      }
    },
   {
      "fanlitype": "0",
      "title": "首投5000元—30天及以上新手标",
      "fanlimoney": "100",
      "fanlimoneydesc": "投资收益:41.10元，合计收益141.10元",
      "futoudesc": "",
      "fanlistat": "",
      "baserate": "10.0",
      "fanlirate": "34.3",
      "fanlipeople": "77",
      "fanlistart": "",
      "fanliend": "",
      "fanlistatus": true,
      "jiaxi": {
        "jiaxititle": "",
        "jiaxitype": ""
      }
    },
  {
      "fanlitype": "0",
      "title": "首投5000元—90天及以上新手标",
      "fanlimoney": "150",
      "fanlimoneydesc": "投资收益:147.95元，合计收益297.95元",
      "futoudesc": "",
      "fanlistat": "",
      "baserate": "12.0",
      "fanlirate": "24.2",
      "fanlipeople": "105",
      "fanlistart": "",
      "fanliend": "",
      "fanlistatus": true,
      "jiaxi": {
        "jiaxititle": "",
        "jiaxitype": ""
      }
    },
      {
      "fanlitype": "0",
      "title": "首投8000元—90天及以上新手标",
      "fanlimoney": "200",
      "fanlimoneydesc": "投资收益:236.71元，合计收益436.71元",
      "futoudesc": "",
      "fanlistat": "",
      "baserate": "12.0",
      "fanlirate": "22.1",
      "fanlipeople": "23",
      "fanlistart": "",
      "fanliend": "",
      "fanlistatus": true,
      "jiaxi": {
        "jiaxititle": "",
        "jiaxitype": ""
      }
    },
      {
      "fanlitype": "1",
      "title": "复投5000元—90天及以上标的",
      "fanlimoney": "100",
      "fanlimoneydesc": "投资收益:117.12元，合计收益217.12元",
      "futoudesc": "复投前请仔细查阅复投规则",
      "fanlistat": "",
      "baserate": "9.5",
      "fanlirate": "17.6",
      "fanlipeople": "77",
      "fanlistart": "",
      "fanliend": "",
      "fanlistatus": true,
      "jiaxi": {
        "jiaxititle": "",
        "jiaxitype": ""
      }
    }
  ]
}
